"city","state"
"Birmingham","AL"
"Mobile","AL"
"Montgomery","AL"
"Little Rock","AR"
"Phoenix","AZ"
"Fresno","CA"
"Los Angeles","CA"
"Oakland","CA"
"Sacramento","CA"
"San Diego","CA"
"San Francisco","CA"
"San Jose","CA"
"Stockton","CA"
"Denver","CO"
"Pueblo","CO"
"Bridgeport and Fairfield","CT"
"Hartford","CT"
"New Britain","CT"
"New Haven","CT"
"Stamford, Darien, and New Canaan","CT"
"Waterbury","CT"
"Jacksonville","FL"
"Miami","FL"
"St. Petersburg","FL"
"Tampa","FL"
"Atlanta","GA"
"Augusta","GA"
"Columbus","GA"
"Macon","GA"
"Savannah","GA"
"Cedar Rapids","IA"
"Council Bluffs","IA"
"Davenport","IA"
"Des Moines","IA"
"Dubuque","IA"
"Sioux City","IA"
"Waterloo","IA"
"Aurora","IL"
"Chicago","IL"
"Decatur","IL"
"East St. Louis","IL"
"Joliet","IL"
"Peoria","IL"
"Rockford","IL"
"Springfield","IL"
"Evansville","IN"
"Fort Wayne","IN"
"Indianapolis","IN"
"Lake Co. Gary","IN"
"Muncie","IN"
"South Bend","IN"
"Terre Haute","IN"
"Topeka","KS"
"Wichita","KS"
"Covington","KY"
"Lexington","KY"
"Louisville","KY"
"New Orleans","LA"
"Shreveport","LA"
"Arlington","MA"
"Belmont","MA"
"Boston","MA"
"Braintree","MA"
"Brockton","MA"
"Brookline","MA"
"Cambridge","MA"
"Chelsea","MA"
"Dedham","MA"
"Everett","MA"
"Fall River","MA"
"Fitchburg","MA"
"Haverhill","MA"
"Holyoke Chicopee","MA"
"Lawrence","MA"
"Lexington","MA"
"Lowell","MA"
"Lynn","MA"
"Malden","MA"
"Medford","MA"
"Melrose","MA"
"Milton","MA"
"Needham","MA"
"New Bedford","MA"
"Newton","MA"
"Pittsfield","MA"
"Quincy","MA"
"Revere","MA"
"Salem","MA"
"Saugus","MA"
"Somerville","MA"
"Waltham","MA"
"Watertown","MA"
"Winchester","MA"
"Winthrop","MA"
"Worcester","MA"
"Baltimore","MD"
"Portland","ME"
"Battle Creek","MI"
"Bay City","MI"
"Detroit","MI"
"Flint","MI"
"Grand Rapids","MI"
"Jackson","MI"
"Kalamazoo","MI"
"Lansing","MI"
"Muskegon","MI"
"Pontiac","MI"
"Saginaw","MI"
"Austin","MN"
"Duluth","MN"
"Minneapolis","MN"
"Rochester","MN"
"St. Cloud","MN"
"St. Paul","MN"
"Greater Kansas City","MO"
"Springfield","MO"
"St. Joseph","MO"
"St. Louis","MO"
"Jackson","MS"
"Asheville","NC"
"Charlotte","NC"
"Durham","NC"
"Greensboro","NC"
"High Point","NC"
"Winston-Salem","NC"
"Fargo","ND"
"Grand Forks","ND"
"Lincoln","NE"
"Omaha","NE"
"Manchester","NH"
"Atlantic City","NJ"
"Bergen Co.","NJ"
"Camden","NJ"
"Essex Co.","NJ"
"Hudson Co.","NJ"
"Passaic County","NJ"
"Perth Amboy","NJ"
"Trenton","NJ"
"Union Co.","NJ"
"Albany","NY"
"Binghamton-Johnson City","NY"
"Bronx","NY"
"Brooklyn","NY"
"Buffalo","NY"
"Elmira","NY"
"Jamestown","NY"
"Lower Westchester Co.","NY"
"Manhattan","NY"
"Niagara Falls","NY"
"Poughkeepsie","NY"
"Queens","NY"
"Rochester","NY"
"Schenectady","NY"
"Staten Island","NY"
"Syracuse","NY"
"Troy","NY"
"Utica","NY"
"Akron","OH"
"Canton","OH"
"Cleveland","OH"
"Columbus","OH"
"Dayton","OH"
"Hamilton","OH"
"Lima","OH"
"Lorain","OH"
"Portsmouth","OH"
"Springfield","OH"
"Toledo","OH"
"Warren","OH"
"Youngstown","OH"
"Oklahoma City","OK"
"Tulsa","OK"
"Portland","OR"
"Allentown","PA"
"Altoona","PA"
"Bethlehem","PA"
"Chester","PA"
"Erie","PA"
"Harrisburg","PA"
"Johnstown","PA"
"Lancaster","PA"
"McKeesport","PA"
"New Castle","PA"
"Philadelphia","PA"
"Pittsburgh","PA"
"Wilkes-Barre","PA"
"York","PA"
"Pawtucket & Central Falls","RI"
"Providence","RI"
"Woonsocket","RI"
"Columbia","SC"
"Chattanooga","TN"
"Knoxville","TN"
"Memphis","TN"
"Nashville","TN"
"Amarillo","TX"
"Austin","TX"
"Beaumont","TX"
"Dallas","TX"
"El Paso","TX"
"Fort Worth","TX"
"Galveston","TX"
"Houston","TX"
"Port Arthur","TX"
"San Antonio","TX"
"Wichita Falls","TX"
"Ogden","UT"
"Salt Lake City","UT"
"Lynchburg","VA"
"Newport News","VA"
"Norfolk","VA"
"Richmond","VA"
"Roanoke","VA"
"Seattle","WA"
"Spokane","WA"
"Tacoma","WA"
"Kenosha","WI"
"Madison","WI"
"Milwaukee Co.","WI"
"Oshkosh","WI"
"Racine","WI"
"Charleston","WV"
"Huntington","WV"
"Wheeling","WV"
